{"branches": 69.04761904761905, "coverage": 67.19492868462757}