{"branches": 64.20454545454545, "coverage": 72.94444444444444}