{"branches": 57.692307692307686, "coverage": 66.44093303235515}