{"branches": 65.73033707865169, "coverage": 77.3201537616694}